{
  "run2_final": {
    "student": {
      "ap": 20.5918,
      "ap50": 36.1979,
      "ap75": 20.5916
    },
    "teacher": {
      "ap": 21.2845,
      "ap50": 37.8653,
      "ap75": 20.5955
    }
  },
  "run5_final": {
    "student": {
      "ap": 20.0745,
      "ap50": 36.1909,
      "ap75": 18.317
    },
    "teacher": {
      "ap": 21.1618,
      "ap50": 37.2091,
      "ap75": 20.744
    }
  },
  "average_final": {
    "teacher": {
      "ap": 21.22315,
      "ap50": 37.5372
    },
    "student": {
      "ap": 20.33315,
      "ap50": 36.1944
    },
    "runtime_hours": 5.7340277777777775
  },
  "run2_runtime_hours": 5.776666666666666,
  "run5_runtime_hours": 5.691388888888889
}